1,Goraud,Fleury,1935-09-24
2,Lettie,Yakov,1903-12-12
3,Alfons,Coysh,1995-02-19
4,Madelle,Feavers,1923-10-05
5,Koo,Arnaudet,1918-01-12
6,Dulsea,Mc Menamin,1991-01-12
7,Flss,Skeffington,1993-02-09
8,Adina,Brandoni,1941-08-07
9,Husain,Gallop,1929-11-23
10,Enrique,Yurkiewicz,2007-08-25
11,Abra,Aizlewood,1998-09-06
12,Lenci,Wolters,2018-09-02
13,Jeanie,Odo,1985-01-05
14,Hyacinthe,Trimmell,1928-12-08
15,Appolonia,Radnage,2011-01-18
16,Fionna,Aireton,1936-08-19
17,Pryce,Sollars,2015-09-24
18,Cilka,Gowen,1975-06-04
19,Petey,Odney,2006-11-26
20,Saloma,Cantle,2011-04-12
21,Idaline,Tuvey,1901-10-14
22,Upton,Erasmus,1942-12-12
23,Lilllie,McIlherran,1989-04-26
24,Lewes,Gissing,2000-03-26
25,Katalin,McKane,1912-05-30
26,Chad,Ruckhard,1907-04-01
27,Belia,Basso,2014-08-30
28,Hali,Treby,1953-11-01
29,Redd,Foard,2006-07-10
30,Chicky,Grigolashvill,1918-04-16
31,Winnie,McVicar,1990-02-15
32,Spenser,Pinnijar,1947-04-08
33,Deanna,Hartford,1930-08-14
34,Melesa,Bentham,1913-01-31
35,Merrily,Tomkowicz,1948-10-09
36,Meyer,McVee,1901-04-27
37,Alfie,Hurlin,1973-05-25
38,Kimberley,Ortet,1941-11-21
39,Cahra,Codron,1901-01-06
40,Karoly,Chaston,1984-12-03
41,Rufus,Carrigan,1938-04-22
42,Timothy,Semrad,2006-12-12
43,Ailina,Brower,1974-05-11
44,Lucais,Charrett,2008-07-13
45,Adrianna,Biasetti,1947-05-05
46,Cathi,Potzold,1986-06-09
47,Lee,Finlow,1961-06-16
48,Gerda,Robker,2000-06-12
49,Christiane,Hebble,1932-05-24
50,Rose,Kabos,1976-10-11
51,Carin,Kupper,2001-09-07
52,Vilhelmina,Findon,1904-09-03
53,Hubey,Currie,1995-05-26
54,Allis,Tighe,1973-12-10
55,Reagen,Maylam,1904-12-19
56,Enrica,Spinks,1930-10-05
57,Cyndi,Alexandre,1976-04-12
58,Ivonne,Fergusson,1923-11-27
59,Drucill,Dinley,1957-04-03
60,Janaya,Fiddler,1975-09-09
61,Perry,Troker,2016-07-13
62,Madelle,Packham,2011-04-25
63,Dario,Tutt,1900-06-22
64,Cissiee,Terlinden,1935-08-26
65,Klaus,Stacey,1990-11-01
66,Willie,Oak,1908-01-19
67,Zeke,Dykins,1912-04-04
68,Briant,Roberds,1930-12-14
69,Cheryl,Cornewall,2009-01-02
70,Thaddeus,Ewington,2005-02-12
71,Simeon,Pyper,1968-09-16
72,Micheal,Andric,1976-06-12
73,Bern,Wheildon,2017-12-16
74,Axe,Starling,2003-07-23
75,Trina,Filimore,1900-06-22
76,Briggs,Schoenleiter,1955-07-03
77,Vivia,Benediktovich,1930-05-04
78,Halli,Mooreed,1959-10-05
79,Torie,Brunger,1965-07-22
80,Lucas,Bentke,1961-01-24
81,Heath,Mulmuray,2013-04-29
82,Ellsworth,Shury,2002-10-16
83,Giordano,Bish,1945-03-17
84,Maurine,Gegg,1997-07-13
85,Terrill,Work,1973-02-10
86,Edith,Yashin,1978-10-05
87,Carney,Skyme,1995-09-10
88,Pietra,Govini,1978-08-03
89,Jared,Millwater,1953-03-12
90,Thornton,Boeck,1910-11-25
91,Brennan,Swatman,1926-01-06
92,Candra,MacGebenay,1908-10-31
93,Flossy,Kerrane,1935-09-05
94,Doralin,MacAlpine,1972-04-13
95,Harlie,Grizard,2009-12-24
96,Sidney,Armell,1929-11-14
97,Otis,Petrashov,1957-09-23
98,Bonni,Leuty,1960-05-19
99,Drucill,McGinney,1989-09-05
100,Sibby,Paintain,1983-03-17
101,Field,Biers,1927-08-05
102,Gwenneth,Aleksidze,1966-12-23
103,Billie,Meedendorpe,2005-03-07
104,Johnathan,Treske,1902-09-21
105,Lorilyn,Raisbeck,1990-07-30
106,Colby,Vankov,1995-01-01
107,Cleavland,Filippo,2015-04-28
108,Aveline,Coppenhall,1918-10-20
109,Nolana,Garstang,1985-01-07
110,Michal,Somerfield,1925-12-19
111,Bruis,Pitkethly,2004-02-06
112,Cody,Whitmore,1961-12-24
113,Lanie,Farey,1956-10-19
114,Anestassia,Duplan,2009-05-11
115,Suzie,Currm,1951-09-04
116,Caria,Coghill,1916-09-06
117,Stacy,Brithman,1933-03-01
118,Jesse,Cherry Holme,1943-02-12
119,Kirstin,Ruffell,1921-03-04
120,Billy,Settle,1948-08-24
121,Gregor,Embery,1992-01-12
122,Pat,Ells,1934-04-30
123,Cassy,Munt,1935-12-04
124,Greg,Normadell,1909-11-26
125,Keely,Dudeney,1931-08-02
126,Isahella,Samwayes,1930-11-07
127,Ware,Brisson,1914-10-25
128,Merrielle,Baudry,1956-03-18
129,Donnie,McEllen,1951-09-20
130,Cyndi,Adamczewski,1946-05-07
131,Aubine,Rosingdall,1946-08-19
132,Locke,Moody,1957-08-23
133,Mordy,Yakunin,1956-01-21
134,Phillida,Oke,1977-01-21
135,Romona,Rosingdall,1966-08-07
136,Bern,Bourgeois,1935-03-12
137,Kiel,Casiroli,1900-03-14
138,Kennie,Hilbourne,1971-09-04
139,Efren,Confort,1936-01-05
140,Sophey,Fallis,1920-07-18
141,Brinna,Scripps,1991-10-04
142,Hillery,Candlin,1988-04-10
143,Giulia,Karlolczak,2006-09-03
144,Sigfrid,Blakelock,1981-01-25
145,Nicky,Rizzardi,1966-07-01
146,Rube,Horder,1973-03-14
147,Patten,Le Conte,1983-12-16
148,Rodge,Feacham,2017-05-17
149,Derby,Worts,1983-10-15
150,Kara-lynn,Deighton,1978-09-15
151,Flynn,Cawdery,1947-04-12
152,Joeann,Lawton,1993-02-27
153,Gifford,Stollmeyer,1951-01-19
154,Joli,Dilnot,1972-02-23
155,Hedi,Markussen,1961-04-29
156,Sephira,Tuite,2013-06-04
157,Sherrie,Sansun,1910-11-06
158,Cris,Stollenwerck,1932-08-01
159,Ive,Mortimer,1975-02-28
160,Elston,Orht,1905-02-20
161,Sela,Lucius,1940-02-27
162,Vitoria,Bails,1943-05-05
163,Farlay,Dowdell,1936-10-11
164,Clarabelle,Pym,2009-11-05
165,Alissa,Wait,1903-04-15
166,Huey,Wellbank,1973-07-08
167,Ody,Neilly,1945-02-24
168,Shelton,Garnsworth,2019-04-28
169,Leann,Kynett,2008-08-31
170,Lila,Louche,2004-08-27
171,Yancey,Alessandrucci,1928-09-11
172,Reeba,Chambers,1914-12-21
173,Adara,Devonish,2011-06-04
174,Ezekiel,Erwin,2005-04-30
175,Manuel,Corzon,1924-11-30
176,Lyman,Povey,1902-03-21
177,Louise,Trebilcock,1913-11-10
178,Andromache,Chaucer,2004-09-13
179,Carce,Dessant,1911-10-29
180,Iago,McPhaden,1962-02-16
181,Pammi,Drury,1914-12-03
182,Merola,Heeks,1955-05-12
183,Oralee,Riccardi,1992-03-15
184,Pembroke,Carbery,1949-11-08
185,Ingar,Galliard,1983-10-01
186,Blake,Rowdell,1982-08-14
187,Dorette,Labet,1949-01-24
188,Bell,Binstead,1931-05-06
189,Mavis,Boggis,2009-10-01
190,Olympie,Mackness,1952-03-11
191,Tad,Whiterod,1988-06-30
192,Justin,Terbruggen,1902-08-14
193,Guillemette,Skipton,1954-07-04
194,Andrey,Greenley,1947-07-01
195,Che,Gamet,1908-04-08
196,Analiese,Gerrell,1996-05-25
197,Almire,Durker,1966-09-08
198,Candy,Ballantine,1954-10-12
199,Bendite,Sloyan,1969-08-11
200,Becky,Gudyer,1949-01-14
201,Nanon,Auld,1980-09-29
202,Elmira,Plank,1910-06-07
203,Gay,Colerick,1955-01-08
204,Farica,Sherrell,1960-09-22
205,Teodorico,Vennard,1992-11-12
206,Harriot,Downes,2006-07-21
207,Ario,Ondrich,2020-05-02
208,Kahlil,Tal,1968-01-30
209,Lucienne,Ferraron,1972-12-31
210,Elsworth,Tills,1974-09-05
211,Gibbie,Wegner,1993-03-08
212,Edgardo,Dwyr,1984-01-13
213,Mart,Pierro,1907-04-07
214,Jacenta,Vines,1969-07-09
215,Dianne,O'Heneghan,1949-06-29
216,Terry,Levington,1963-03-28
217,Cody,Pound,1914-01-14
218,Pepillo,Crumpton,1923-10-02
219,Tymothy,Attersoll,1945-10-10
220,Helenka,Glassup,1938-12-29
221,Cornela,Sheddan,1942-11-02
222,Colin,Mayling,1920-05-31
223,Chandra,Bartoleyn,1937-10-14
224,Virgilio,Badwick,1962-06-27
225,Forster,Buesden,1950-10-19
226,Sayre,Hands,2006-03-27
227,Noble,Chalfant,1931-06-06
228,Kliment,Hampton,1937-08-16
229,Quintina,McGlynn,1952-11-25
230,Kath,Dingate,1951-12-29
231,Nikolaus,Knivett,1997-10-23
232,Toddy,Diss,1947-12-18
233,Jakie,McRobert,2006-05-30
234,Carolus,Iacopini,1984-02-05
235,Carmine,Wincer,1968-01-19
236,Kayne,Cornuau,1918-04-18
237,Jayme,Patey,2020-02-25
238,Vernor,Eskrigge,1993-11-01
239,Odilia,Hammor,1992-08-01
240,Ross,Giacopini,2007-08-07
241,Felice,Goodlad,1969-01-10
242,Lainey,Reimer,1918-10-16
243,Bale,Housegoe,2007-11-02
244,Evy,Bonass,1989-05-15
245,Skip,Fonquernie,1993-07-03
246,Essy,Deeson,1977-09-24
247,Maurene,Fourman,1939-07-09
248,Clementius,Dickey,1946-07-28
249,Gwynne,Custard,1948-01-29
250,Ruby,Morais,1926-11-30
251,Rebeca,Balogh,1942-08-06
252,Jocko,Hearnes,1919-01-03
253,Madonna,Snipe,1985-03-27
254,Ariella,Lymer,1908-04-04
255,Stephen,Riall,2018-05-08
256,Wylma,Jore,1988-05-25
257,Blanche,Mileham,1989-06-12
258,Theo,Manoch,1912-01-14
259,Kat,Milan,1992-09-11
260,Eba,Druitt,1900-03-19
261,Wallie,Van der Hoven,1901-07-31
262,Marchall,Beedham,1917-07-28
263,Krisha,Blais,1956-05-04
264,Shermie,Littlejohn,1937-04-30
265,Whitney,Wixon,1962-07-10
266,Petronia,Turnor,1981-02-26
267,Caril,Noore,1964-01-24
268,Gordon,Stanyan,1965-08-24
269,Bruce,Munden,1905-04-02
270,Phillipp,MacPeice,1922-08-03
271,Marietta,Godbald,1988-02-23
272,Smitty,Smuth,1962-06-15
273,Emily,Clynman,1928-07-26
274,Dorita,Antonopoulos,1982-08-15
275,Mortie,Artist,1902-05-01
276,Zora,Loins,1926-03-04
277,Anthia,Corro,2017-04-07
278,Isabelita,Flea,1970-01-12
279,Joceline,Santostefano.,1961-10-10
280,Skelly,Fitzjohn,1914-08-06
281,Doralynne,Stuehmeier,2018-12-18
282,Merle,Skynner,1999-02-19
283,Orland,Glyssanne,1956-06-06
284,Manon,Eseler,1995-04-13
285,Oby,Caw,1975-04-13
286,Fredericka,Tadman,1996-08-15
287,Rafael,de Pinna,1934-10-12
288,Steward,Breagan,1955-01-25
289,Vidovic,Lawie,1904-03-29
290,Vita,Buckeridge,1934-01-07
291,Catlin,Bownes,1935-12-06
292,Valina,Simacek,1974-03-25
293,Tybalt,Reiach,1988-06-11
294,Jefferey,Wassell,1959-01-19
295,Mandi,Lodge,1971-02-17
296,Chrysler,Nelthrop,1960-03-31
297,Marin,Kalderon,2016-04-24
298,Tobias,Agron,1947-12-08
299,Cheslie,Truluck,1943-11-28
300,Corty,Mantrup,1916-12-07
301,Rachele,Messager,1903-08-17
302,Konstantin,Goodban,1962-07-09
303,Bartholomeo,Glading,1902-08-26
304,Tom,Grizard,1970-03-10
305,Taite,Molen,1987-07-12
306,Stace,Parkyns,1964-04-17
307,Marice,Audley,1902-01-04
308,Bret,Hallifax,1965-10-28
309,Shell,Mccaull,1969-01-07
310,Cory,Dell Casa,2008-01-08
311,Lucias,Stears,1962-06-06
312,Holli,Cunde,1944-04-05
313,Ruprecht,Reisenberg,1932-12-27
314,Webster,Reiach,2005-09-24
315,Fania,Glaves,1934-08-07
316,Dell,Bindon,1972-03-29
317,Zebadiah,Czajkowska,1934-04-13
318,Stanley,Enefer,1946-01-12
319,Dorita,Tythe,1907-06-15
320,Arron,Doers,1998-06-28
321,Alexis,Strathe,1949-09-06
322,Keelby,De-Ville,2012-12-23
323,Afton,Oxtoby,1919-01-01
324,Sari,Savin,1934-03-29
325,Roslyn,Alelsandrovich,1961-08-07
326,Honor,Skotcher,2016-08-08
327,Lisabeth,Kretschmer,1962-12-05
328,Samantha,Knowler,1909-06-06
329,Peder,Gainfort,1919-03-04
330,Clara,Ells,1965-05-27
331,Laughton,Cole,1972-04-17
332,Dodi,Galbreth,1944-04-08
333,Hanan,Pickett,1976-11-16
334,Jameson,Valance,2000-02-18
335,Katina,McGaughey,1952-06-08
336,Celene,Coatham,1931-07-10
337,Sonja,Piwell,1988-11-18
338,Lowe,Wake,1953-05-31
339,Renard,O'Currane,1965-09-01
340,Pall,Middleditch,1932-05-18
341,Gayle,Mundall,1978-02-28
342,Odelia,Calverley,1992-08-06
343,Hodge,Egarr,1960-04-02
344,Burr,Chinnick,1946-03-24
345,Coriss,Jaggi,1984-03-05
346,Eb,Euesden,1962-12-26
347,Manda,Daffern,1970-04-02
348,Fidela,Wickes,1994-07-03
349,Vanni,Voas,1982-04-24
350,Lee,Jewers,2000-02-03
351,Hermon,Lidstone,2009-03-09
352,Barbara,Andrus,2003-10-05
353,Yalonda,Brockwell,2001-03-09
354,Hyacintha,Billingham,1989-07-11
355,Lanie,Kopps,1927-10-09
356,Kane,Genney,1929-02-18
357,Derk,Capstack,2011-03-22
358,Fidole,Rubinovitch,2020-06-12
359,Celestyna,Gerhts,1965-03-26
360,Shelby,Fanner,2019-08-18
361,Holly,Bottell,1939-07-29
362,Dorelia,Volke,1998-04-10
363,Alaric,Shelley,2006-12-29
364,Trevar,Iacobo,2008-03-20
365,Saidee,Hamblyn,2000-09-27
366,Timoteo,Garcia,2002-11-06
367,Christen,Elstub,2001-11-07
368,Leila,Huston,2014-10-20
369,West,Message,2013-07-15
370,Kandace,Douce,2003-05-07
371,Glori,Holsall,1999-09-03
372,Petr,Thrower,1977-04-14
373,Frazier,Renton,1986-04-12
374,Torey,Sone,1932-05-01
375,Mallorie,Stave,1944-01-05
376,Cy,Strutz,1986-11-17
377,Cherianne,Durrington,2003-02-23
378,Vicki,Hadley,1958-03-05
379,Emmery,Jahan,1973-12-18
380,Danica,Romer,2010-10-03
381,Vidovic,Beddoes,1962-12-18
382,Garnet,MacKartan,1969-02-16
383,Jae,Vallack,1978-12-05
384,Carmita,Lewtey,1948-11-12
385,Camala,Vynarde,1998-07-01
386,Roman,Paffitt,1932-09-27
387,David,Helsdon,1911-10-30
388,Kathy,Scorrer,1947-10-26
389,Fern,Doby,2002-07-26
390,Felicdad,Ziemens,1900-06-16
391,Mortimer,Blasius,1989-12-31
392,Marita,Fulbrook,1981-02-19
393,Leticia,Sinncock,1978-09-02
394,Sammy,Aspray,1984-03-06
395,Welby,Murrhaupt,1995-12-28
396,Matt,Liver,1922-07-26
397,Fae,Moulder,1980-07-21
398,Hattie,Mabbot,1934-01-20
399,Winna,Shelmerdine,2010-12-22
400,Gae,Tebb,1994-01-23
401,Norry,Tesimon,2015-05-19
402,Alister,Rosellini,1931-10-12
403,Shelba,Beards,1977-08-16
404,Viviene,O' Concannon,1921-06-19
405,Konstantine,Novakovic,1986-12-10
406,Jase,Kittow,1958-11-15
407,Maxy,Gertray,2004-01-11
408,Deck,Bollans,1967-02-14
409,Shell,O'Feeny,1989-12-26
410,Madeline,Dot,1983-08-28
411,Florida,Agney,1935-03-14
412,Findlay,Cassin,2010-08-24
413,Dorine,Gofford,1990-11-09
414,Kaleena,Woollett,1913-09-24
415,Maurizio,Teggin,1929-08-28
416,Xerxes,Housecraft,1982-09-09
417,Blanca,Jozefiak,1922-11-07
418,Tiffanie,Ludlom,1904-12-14
419,Marcille,Markovich,1972-09-27
420,Sheba,Jedrzaszkiewicz,1992-10-25
421,Addia,Meakes,2003-09-09
422,Claudell,Perassi,1973-05-18
423,Twila,McKue,2016-02-14
424,Ronny,O'Kieran,1979-01-26
425,Nolie,Halloway,1907-01-17
426,Damara,Trelease,1915-11-09
427,Lanae,Downey,1996-12-02
428,Loella,Fairweather,1925-06-19
429,Kaye,Simonetto,1936-02-24
430,Luther,Thomel,1930-09-21
431,Gussi,Stanlake,1907-07-05
432,Terri-jo,Litster,1986-04-14
433,Geralda,Keats,1901-06-17
434,Kiley,Caughtry,1980-08-03
435,Saraann,Luchetti,1987-05-25
436,Ardeen,Danet,1918-03-08
437,Shepard,Tremelling,2011-12-22
438,Kyle,Bellelli,1952-04-13
439,Horton,Keat,1918-05-23
440,Brynna,Schultze,1996-04-15
441,Cecilio,Achrameev,1978-02-21
442,Christoffer,MacLeese,1943-09-18
443,Sonnnie,Knok,1924-09-24
444,Skip,Nannetti,1982-11-22
445,Vallie,Abendroth,2006-06-08
446,Bride,Lambot,1989-07-06
447,Udall,Ghelerdini,2015-01-02
448,Haskel,Rasper,1973-12-26
449,Sybil,Cumpsty,2007-05-23
450,Gisella,Prisk,1999-03-10
451,Ajay,Almon,1993-09-25
452,Shurlocke,Cline,1925-06-08
453,Shaughn,Claris,2004-08-08
454,Babbie,Mattersey,1949-06-24
455,Cosimo,Beecraft,1979-12-24
456,Carline,Chaster,1977-04-14
457,Rudyard,Ingold,1951-11-19
458,Goldi,Edinborough,1921-09-18
459,Tiffy,Grummitt,1978-06-16
460,Skye,Insko,1952-03-05
461,Derry,Tweedlie,1947-04-30
462,Charil,Durrans,1964-12-02
463,Marla,Mackin,1925-03-28
464,Foss,Gerleit,1946-06-13
465,Berton,Bernucci,2011-12-01
466,Jesse,Berks,1930-09-03
467,Jorie,MacVay,1912-05-25
468,Vonnie,Mynott,1940-05-24
469,Magnum,Woodrooffe,1928-08-10
470,Gary,Schermick,2001-05-10
471,Ethan,Josland,1996-12-29
472,Bing,Cucuzza,1936-01-16
473,Laureen,Gartenfeld,1909-09-27
474,Frederico,Foro,1951-05-25
475,Marjie,Smithson,1985-04-29
476,Kelsey,Kennally,1957-05-22
477,Laurella,Bowdidge,1978-09-20
478,Emmalynne,Coatham,2010-08-05
479,Nikolaos,Rosenberg,1991-01-30
480,Devinne,Adamkiewicz,1932-02-28
481,Nicolea,Upham,1979-04-15
482,Jeddy,Espin,1911-07-29
483,Kerwin,Ravilious,1933-03-27
484,Livy,Fairpo,1907-11-12
485,Barton,Sweedy,1928-11-03
486,Robinette,Rouby,1925-12-06
487,Creigh,Mc Ilwrick,1964-06-12
488,Sandy,Thackray,1977-07-27
489,Jose,Moscon,1978-11-25
490,Lizzie,Gooding,2012-01-22
491,Callean,Rumens,1941-09-11
492,Jeannie,Burrus,1962-04-27
493,Nelle,Foulsham,1965-09-30
494,Camilla,Paulson,1978-04-28
495,Desmund,Eglin,2010-05-11
496,Nowell,Thorpe,1908-11-16
497,Hamel,Kolakowski,1937-03-13
498,Hercule,Merrell,1904-06-03
499,Glen,McClaren,1948-07-12
500,Stephen,Longmate,1980-11-03
501,Kimberly,Kluger,1924-09-10
502,Madelon,Matchett,1940-11-13
503,Clari,Joliffe,1969-06-28
504,Esdras,Depper,1904-08-26
505,Clio,Getcliffe,1980-09-09
506,Bernarr,Chislett,1961-06-08
507,Redd,Tonbridge,2019-12-12
508,Olimpia,Escoffrey,1950-09-11
509,Rena,Seacroft,1938-10-12
510,Lauryn,Stuchbury,1973-03-28
511,Louisette,Byars,1998-07-25
512,Pen,Fiddy,1920-09-20
513,Rafaela,Phripp,1943-04-29
514,Terri,Bernardes,1913-09-21
515,Staci,Thireau,1980-01-25
516,Ware,Mesant,1939-03-27
517,Major,Levitt,1967-09-03
518,Esme,Benton,1923-12-11
519,Adda,Thorns,2002-03-31
520,Karoline,Ugolini,1968-12-22
521,Waite,Shailer,1951-02-27
522,Jere,Jervois,1938-04-27
523,Lars,Crankshaw,1913-12-08
524,Riccardo,Moloney,1953-03-20
525,Vanny,Attock,1927-01-18
526,Margot,Wiffill,1914-07-24
527,Illa,de Nore,1905-03-05
528,Knox,Balassa,2008-05-16
529,Andreana,Pickles,1914-07-17
530,Georgie,Jedraszek,1983-05-18
531,Dorri,Pahler,1901-10-06
532,Sly,Hyatt,1916-09-12
533,Leah,Bloomfield,1910-05-29
534,Adena,Illiston,1900-07-20
535,Ashlen,MacUchadair,1919-05-18
536,Tatiania,Banting,2018-06-20
537,Lemmy,Koppelmann,1967-06-27
538,Dre,Crabbe,1909-02-21
539,Clifford,Dobrovolski,1948-11-01
540,Timothy,Sidey,1978-05-20
541,Melba,Stoffersen,1945-09-01
542,Rachelle,Draye,1932-08-12
543,Helsa,Corbyn,2003-03-30
544,Roddy,Vyvyan,1959-06-26
545,Arthur,Gillebride,1967-05-30
546,Guglielma,Winear,1941-09-08
547,Ferdy,MacDougal,1900-02-17
548,Emmanuel,Chatenet,2013-05-01
549,Ninon,Endrizzi,1918-06-23
550,Neilla,Waller-Bridge,1924-06-21
551,Barton,Boatswain,1939-07-28
552,Dyann,Missington,1913-10-31
553,Marylou,McMyler,2014-02-11
554,Javier,Dorrity,1967-04-12
555,Artus,Jerke,2004-11-28
556,Kaela,Farry,1937-12-26
557,Bambie,Stennet,1974-10-24
558,Dewey,Parsons,1996-12-24
559,Ardyth,Pendell,1963-01-12
560,Cy,Kinchlea,1921-07-19
561,Brier,Dumbare,2007-01-19
562,Terrye,Seary,1952-09-11
563,Denis,Maseyk,2014-07-23
564,Guillema,Tackell,2007-09-19
565,Rodina,De Normanville,2009-08-13
566,Ralina,Fransson,1936-06-28
567,Madeleine,Paolini,1966-06-25
568,Nolly,Aguirrezabal,1929-11-05
569,Elisha,Genty,1945-05-18
570,Matthias,Cossam,1927-06-03
571,Kirby,Dillon,2000-06-10
572,Edie,McReath,2016-01-02
573,Ynes,Fillon,1977-02-16
574,Allyce,Crumbie,1933-10-04
575,Annabel,De Minico,2011-08-23
576,Rafaello,Laba,1972-12-22
577,Theo,Broadhurst,1986-08-25
578,Miguela,Gorgl,1942-05-15
579,Candice,Dearle-Palser,1952-11-16
580,Corrie,Housecraft,1988-02-05
581,Meryl,Joysey,2007-03-31
582,Dex,Wickham,1934-06-18
583,Vonnie,Hambatch,1984-05-26
584,Janaye,O'Corrigane,1961-03-04
585,Verna,Chinn,2015-10-15
586,Karlie,Jenkerson,1974-07-06
587,Ardella,Hanway,1918-06-07
588,Elsy,Blackstone,1984-09-18
589,Micheline,Dumbare,1978-10-08
590,Daniel,Jesteco,1980-09-04
591,Nina,Summerson,2013-07-19
592,Madlin,Di Carlo,1930-07-08
593,Wakefield,Goodlatt,1945-11-11
594,Berenice,Walford,1998-10-31
595,Nadiya,Holworth,1967-03-10
596,Nariko,Esby,1973-01-03
597,Demetria,Clooney,1978-05-06
598,Davine,Crossby,1930-04-30
599,Sharline,Beavers,1958-01-25
600,Kearney,Redmayne,1951-10-12
601,Glyn,Roe,1972-08-18
602,Rog,Bonett,1952-10-21
603,Ibby,Maffi,1934-07-28
604,Sigfrid,Schaumaker,1997-09-30
605,Eugen,Welfare,1995-07-25
606,Ursulina,O'Neal,2016-11-01
607,Kassie,Cranmore,1930-05-09
608,Idell,Gason,1954-09-01
609,Katherine,Meneur,1950-06-19
610,Doro,Chasmer,1983-01-31
611,Bab,Longhorn,1976-07-31
612,Lilith,Ehrat,1996-12-16
613,Nevile,Hinrichsen,1930-01-14
614,Leora,Gawkes,2013-05-27
615,Finn,Casement,1984-11-30
616,Francklin,Luciani,1937-10-31
617,Kain,Cowlard,1989-08-08
618,Estrella,Turnbull,1968-07-05
619,Annecorinne,Grebert,1932-01-21
620,Anders,Gullam,2017-11-28
621,Wadsworth,McGarry,1962-09-02
622,Petronilla,Goodricke,1984-01-05
623,Ignaz,Rickarsey,1986-11-18
624,Edee,Hector,1956-09-04
625,Purcell,Speeding,1982-10-05
626,Judye,Skinn,1959-09-07
627,Gaston,Kunzler,2016-09-13
628,Tani,Farquharson,1946-10-02
629,Aksel,Haquard,1971-11-28
630,Cindy,Kipling,2019-04-26
631,Fawnia,Kneath,1908-03-27
632,Rosalynd,Averay,1996-02-17
633,Dennie,Studman,1972-03-31
634,Aggy,Najara,1961-01-16
635,Lonna,McTrusty,1987-07-04
636,Denis,Boother,1991-11-29
637,Tomaso,Spelsbury,1921-05-29
638,Anastasia,Rolinson,1996-07-04
639,Wilt,Terron,2003-05-08
640,Itch,O'Neal,1948-04-17
641,Lou,Cridland,1938-05-23
642,Meris,Banbrook,2011-06-14
643,Cheri,Lob,1965-02-03
644,Appolonia,Welbrock,1992-03-20
645,Daphne,Worcs,1990-01-12
646,Maurits,Warrilow,1940-03-11
647,Kingsley,Persence,1938-11-24
648,Kailey,Anglish,2000-02-04
649,Arlen,Bilsborrow,2001-03-04
650,Cassey,Shilburne,1903-03-30
651,Marjy,Keddey,1991-05-15
652,Dennie,Snipe,1902-11-05
653,Lydia,Moodycliffe,1936-11-02
654,Haily,Woolliams,1938-06-25
655,Felicle,Mullins,1996-07-03
656,Heida,Cartan,1965-02-12
657,Ellen,Collacombe,1999-02-18
658,Demetris,Coom,1985-11-26
659,Margaretha,Ilyukhov,1996-07-21
660,Dannie,Mewhirter,2017-10-16
661,Cory,Borris,1907-03-31
662,Nevins,Kilcoyne,1956-07-14
663,Darla,Degg,1927-06-29
664,Eda,Abdey,1966-03-29
665,Vonnie,Giamitti,1991-08-02
666,Sharline,Partridge,1996-06-12
667,Starlene,Simkin,1971-10-13
668,Licha,Hillen,1976-01-06
669,Zelig,Lovell,2011-09-04
670,Berni,Robic,2013-08-06
671,Pepito,Medley,1961-10-10
672,Carey,Juorio,1958-12-19
673,Worth,Cruikshank,1925-05-28
674,Darbie,Jehaes,1900-08-11
675,Brander,Albro,1965-06-06
676,Sandi,Whimpenny,2000-10-07
677,Carol-jean,Wickham,1997-12-21
678,Karoly,Bunhill,1997-10-11
679,Elwira,Astman,1970-07-22
680,Whit,Prugel,1944-12-05
681,Dulcinea,Coste,2010-12-14
682,Hazel,Loxton,2007-07-12
683,Rozanna,Tabary,1966-05-28
684,Sheff,Gergely,1908-01-08
685,Giselle,Antliff,1902-03-26
686,Jeanette,Vasilchenko,2009-03-27
687,Christabella,Kausche,1920-06-02
688,Sylas,Buzin,1973-11-10
689,Noelani,Jowsey,2013-02-01
690,Nell,Poundford,2007-01-02
691,Jerry,Tondeur,1961-10-10
692,Leodora,Crisell,2012-07-07
693,Dennet,Lishmund,2016-04-17
694,Andrei,Dartnell,1945-01-09
695,Bat,Scriven,1944-07-06
696,Valera,Tuck,1996-10-16
697,Francis,Caberas,1907-09-08
698,Emmye,Coch,1913-10-28
699,Sid,Peepall,2019-12-15
700,Bonny,Cradduck,1995-03-01
701,Decca,Goodayle,1977-06-12
702,Staffard,Kleeman,1976-10-19
703,Conney,Lurcock,1910-12-03
704,Wandie,Kirkland,1990-07-31
705,Derrek,Baselio,1926-04-24
706,Marketa,Commins,2006-07-19
707,Corry,Badham,2019-11-06
708,Anna-maria,Garrattley,1911-12-09
709,Jordain,Carrabot,1928-05-31
710,Vinita,Romain,1925-02-05
711,Farlee,Ber,1991-01-29
712,Mano,Keddey,1988-12-13
713,Yorgo,Croxford,1916-09-15
714,Inez,Dorkins,2013-04-07
715,Curry,Ellen,1963-10-24
716,Vivia,Shafto,1954-10-28
717,Bettina,Lester,1922-03-04
718,Vally,Noorwood,1997-11-03
719,Dedra,Vispo,1984-02-08
720,Myrilla,Augustus,1928-01-14
721,Aurelea,Klimontovich,1937-12-27
722,Eolande,Jeste,1967-12-17
723,Jillayne,Amdohr,1926-03-27
724,Hyman,Ayer,1901-07-08
725,Allx,Mogridge,2015-07-30
726,Elijah,Hyder,1977-04-28
727,Gabi,Menhenitt,1981-11-02
728,Dietrich,Champniss,1910-06-10
729,Renie,Hundey,1923-10-27
730,Marietta,Atcherley,1986-11-13
731,Judi,Kuhnwald,1956-03-08
732,Minda,Gidney,1925-04-26
733,Jdavie,Kubala,1926-04-16
734,Claresta,Waddilow,1961-06-10
735,Claudia,Chattock,2017-08-14
736,Tedman,Penticoot,1934-10-19
737,Ricky,Giorgioni,1905-07-31
738,June,Joanaud,1990-03-09
739,Rube,Ruane,1935-07-20
740,Alasteir,Harcombe,2011-03-01
741,Moira,Truluck,1984-11-16
742,Deeann,Woodhall,2007-06-22
743,Aida,Cockitt,1999-11-07
744,Darnell,McMarquis,1928-11-03
745,Helaine,Iacomettii,1915-09-26
746,Marja,Motton,1926-07-25
747,Donny,McColm,1926-02-15
748,Ilario,Rustidge,1998-12-31
749,Donalt,Wegman,1935-04-14
750,Noelani,Begwell,1991-07-22
751,Zarah,Goadbie,1949-05-29
752,Gabie,Epps,1924-10-03
753,Clarence,Briffett,1982-03-19
754,Felipa,Delacourt,1923-11-20
755,Crawford,Abdee,1908-12-30
756,Urbain,Surcomb,1944-08-31
757,Sela,Borland,2017-08-25
758,Rivi,Pentony,1953-02-16
759,Bendite,Berrecloth,1928-05-11
760,Tana,Cornelissen,1907-03-13
761,Tara,Robet,1923-02-23
762,Tobye,Raffan,2008-05-30
763,Evyn,Lethebridge,1997-08-25
764,Annabella,Manchett,1986-08-09
765,Garner,Ashlee,1996-03-13
766,Dannel,Collip,1936-07-13
767,Angelica,Kitteringham,2006-07-17
768,Edithe,Sauvan,1900-08-15
769,Avrit,MacMenamy,2012-01-03
770,Nanon,McLugish,1955-09-02
771,Pandora,Sparkes,1970-01-07
772,Goddart,O'Hagerty,1903-04-22
773,Rossy,Borres,1955-08-01
774,Dianemarie,Girkin,1901-08-01
775,Walliw,Swayte,1903-12-11
776,Terrie,Vowels,1919-08-06
777,Jenny,Broxton,1995-12-20
778,Jamil,Yurocjkin,1933-09-19
779,Kort,Knath,1925-03-27
780,Odell,Falcus,1960-05-22
781,Dana,Farnfield,2005-05-27
782,Melina,Tankin,1960-01-31
783,Clyde,Seckom,1947-03-15
784,Codie,Peasegod,2006-02-21
785,Maddalena,Edelston,2012-10-11
786,Casandra,Landreth,1957-09-15
787,Farand,Linturn,1933-06-10
788,Maurits,McCauley,1905-09-12
789,Rhona,Casterot,1975-07-13
790,Trixie,Metzke,2007-08-21
791,Willamina,Bouzek,1975-06-25
792,Buddy,Skaife,1997-06-21
793,Logan,Jennaway,1963-12-30
794,Clerkclaude,Streeting,1915-09-04
795,Salmon,Dales,2011-08-20
796,Ilyssa,Weblin,1953-01-11
797,Marylee,Weymont,1935-03-30
798,Tymothy,Micklem,2010-08-07
799,Nancey,Gauche,1917-02-22
800,Marijn,Raffels,1959-12-21
801,Kimmi,Seaking,2015-06-18
802,Abbey,Brunn,1971-08-06
803,Berrie,Pocknoll,1915-10-09
804,Sib,Amesbury,1908-01-10
805,Pamelina,Thom,1925-12-04
806,Florette,Botler,1959-09-24
807,Dagny,Paylor,1956-10-16
808,Dari,Lodin,1987-04-03
809,Joya,Scoble,2012-11-09
810,Flint,Spracklin,2018-06-27
811,Felic,Worboy,1976-08-20
812,Caryl,Ahern,1968-08-28
813,Frederica,Sends,1988-01-26
814,Rabi,Newvill,1921-02-27
815,Shawn,Iscowitz,1996-09-26
816,Rianon,Densun,1935-11-26
817,Nissy,Riglesford,2015-02-25
818,Briano,Armatidge,2013-08-08
819,Astra,Smitham,1964-04-18
820,Georas,Dimbylow,2017-01-31
821,Juli,Ca,1960-09-02
822,Ilse,Peffer,1946-07-27
823,Whitney,Pottie,1996-10-17
824,Sascha,Hedden,1945-05-21
825,Kimmi,Birts,1903-07-31
826,Rockwell,Inchboard,1944-09-12
827,Corette,Clegg,1928-02-10
828,Cherye,Gatman,1990-12-07
829,Nomi,Dennant,1928-07-15
830,Maxi,Roberds,1979-11-30
831,Cariotta,Ofen,1947-08-01
832,Ware,Dumbrall,1918-10-23
833,Katalin,Bees,2001-01-05
834,Nero,Twinborough,1959-11-10
835,Cammy,Corsham,1928-12-01
836,Allsun,Scambler,1978-07-02
837,Laurella,Radeliffe,2016-07-18
838,Nikola,Launchbury,2017-04-02
839,Carol-jean,Mecchi,1950-12-15
840,Nicola,Southgate,1966-04-15
841,Myrle,Luberto,1950-02-03
842,Antoni,Yarnall,1929-06-07
843,Babita,Trever,2018-07-04
844,Peggy,Uzelli,2011-07-23
845,Tomi,Lavens,1949-01-17
846,Xymenes,Pattison,2019-05-25
847,Ugo,Haucke,1944-05-30
848,Loutitia,Hacun,1988-05-02
849,Dene,Noni,1994-03-26
850,Cathrine,Skittrell,1916-05-12
851,Ole,Elcome,1924-08-27
852,Julianne,Monsey,1922-08-04
853,Ezequiel,Loisi,1922-08-07
854,Sullivan,Erickson,2013-04-04
855,Rockwell,Coweuppe,1923-06-21
856,Wilow,Kinchlea,1928-03-17
857,Amelie,Pyner,1910-08-26
858,Issiah,Brilon,1922-10-31
859,Meggy,Lanfear,2002-12-16
860,Colas,Thelwll,1938-05-12
861,Cully,Bontoft,2016-05-04
862,Lev,Troke,1993-09-13
863,Clevie,Jonathon,1906-12-06
864,Farr,Marciskewski,2002-11-09
865,Debor,Pachta,1993-12-07
866,Ansel,Redbourn,1982-05-07
867,Rorke,Tyer,1929-08-05
868,Frannie,Tommis,1923-11-16
869,Rem,Vogl,1978-12-23
870,Leeann,McConnachie,1950-07-01
871,Naoma,Robiot,1995-08-18
872,Janie,Treace,1952-02-10
873,Alvy,Thompkins,1972-05-23
874,Greggory,Pape,2008-05-22
875,Paton,Whitwham,1961-03-20
876,Romola,Terbrug,1971-12-05
877,Malissa,Reinhard,1988-10-08
878,Derwin,Gladding,1970-12-31
879,Nanny,Straker,2000-01-17
880,Shalna,Northcliffe,1939-01-27
881,Rozamond,Paynton,1984-01-23
882,Osborne,Passby,2008-02-06
883,Panchito,Cattellion,1967-04-21
884,Leon,Atkinson,2008-03-13
885,Haily,Moneti,1956-11-24
886,Lila,Etock,1940-09-11
887,Guss,Chaudron,1988-10-04
888,Tristan,Grattan,1900-10-29
889,Jermain,Kane,1917-02-07
890,Edan,Giacomello,1963-02-27
891,Kelvin,Linnit,2014-01-20
892,Thaxter,Lanham,1901-03-16
893,Jarid,Chessel,1991-11-09
894,Jacobo,Lemonby,1903-07-18
895,Aubry,Gallaher,1989-11-03
896,Ross,Pinnere,1947-02-01
897,Iain,Dawidsohn,2008-10-23
898,Rawley,Jerrolt,2000-08-11
899,Scotti,Volk,2017-08-27
900,Evelin,O'Cullen,1964-08-01
901,Eloise,Wolfenden,1902-06-20
902,Gracie,Ewenson,1983-11-14
903,Dmitri,Westhoff,1979-05-12
904,Rosabella,Fowlestone,2012-05-26
905,Leila,O'Corhane,1969-08-26
906,Suzanne,Reinert,2011-07-22
907,Carlye,Walsom,1912-09-29
908,Tabbie,Seago,2014-01-17
909,Jordan,O'Doghesty,2005-09-23
910,Charmian,McNae,1931-10-21
911,Chalmers,Pirouet,1949-11-22
912,Devonne,Beekman,1971-08-19
913,Lewie,Perch,1948-02-23
914,Darill,Fleay,1928-06-05
915,Livvy,Izhaky,1912-10-15
916,Sonnnie,Schott,2010-11-27
917,Sholom,Pizzey,1988-10-04
918,Arvie,Baccus,1982-12-06
919,Noach,Agglione,1931-05-24
920,Gabi,Sturney,1981-03-16
921,Bradly,Bortolussi,1948-11-08
922,Alys,Greenig,1912-01-09
923,Marna,Brolechan,1985-07-29
924,Dorothee,Ayce,1998-08-13
925,Tamra,Misselbrook,1924-06-18
926,Shanon,Spickett,1991-07-08
927,Boris,Jestico,1903-12-29
928,Allin,Hansill,1930-08-06
929,Dredi,Kersting,1915-01-28
930,Mil,McQuarrie,1915-07-23
931,Frankie,Rowell,1975-09-16
932,Marya,Whitchurch,1987-03-23
933,Davina,Andrysek,1931-01-19
934,Leonardo,Dalmon,1947-12-04
935,Allina,Clackers,1958-06-02
936,Farley,Duiged,1910-03-02
937,Giovanni,Spensly,1990-05-03
938,Min,Markwelley,1903-06-29
939,Rachelle,Eringey,2001-11-22
940,Lonna,Gornall,1985-12-10
941,Myrtia,Gonoude,1982-05-24
942,Baldwin,Marczyk,1991-03-11
943,Ida,Scandrick,2001-07-02
944,Julienne,Pionter,1961-02-19
945,Cherri,Sante,1906-06-18
946,Cordelie,Taggerty,1947-03-28
947,Evvy,Grutchfield,1907-12-26
948,Karoline,Bunyan,1921-11-16
949,Maribeth,Argabrite,1918-06-06
950,Jereme,Geroldi,1938-04-14
951,Anabelle,Lowle,1980-06-02
952,Tandi,Stanyard,1932-03-07
953,Ichabod,Avraham,2019-09-23
954,Faunie,Gamell,1933-01-30
955,Desiree,Rupert,1985-12-05
956,Thor,Dmitrievski,2004-04-03
957,Consuela,Napton,1933-07-14
958,Jessey,Thowes,1974-10-21
959,Priscella,McQuade,1960-03-27
960,Aubrette,Scrivenor,1980-02-16
961,Maynard,Rickets,2010-12-20
962,Parke,Arkil,1925-03-31
963,Bambi,Climar,1924-07-14
964,Opal,Elan,1904-04-26
965,Zsa zsa,Broader,2002-02-20
966,Thatcher,Netti,2011-04-08
967,Maire,Harbottle,1902-02-03
968,Tiertza,Hupka,1944-06-01
969,Saleem,Cady,1973-09-12
970,Robbie,Codrington,1956-11-19
971,Onfre,Gosswell,1988-08-03
972,Simone,Caso,2003-12-17
973,Salim,Posselwhite,1970-08-15
974,Pavel,Morgon,1962-09-30
975,Giacobo,Mapston,1944-01-02
976,Johnette,Grafham,1955-12-22
977,Shelby,Coombe,1945-05-31
978,Nichol,Flook,1972-12-13
979,Jackie,Farrimond,1976-08-08
980,Debor,Tackett,1959-12-23
981,Chastity,Kees,1909-10-06
982,Rickey,Bigly,1910-08-03
983,Audi,Frankcombe,1917-03-12
984,Alyson,Foard,1925-02-04
985,Essy,Redhead,1935-01-22
986,Cal,Tutin,1940-05-22
987,Emmott,Gask,1964-01-09
988,Cecile,Gilham,1927-01-02
989,Krishna,Curling,1921-12-28
990,Obidiah,McIlvenna,1953-01-11
991,Lannie,Palphramand,1906-06-12
992,Kaylyn,Charlin,2014-02-14
993,Amii,Worge,1983-02-04
994,Ivie,Kinig,1943-12-27
995,Loni,Fonzone,1961-11-16
996,Cathie,Sage,1938-08-05
997,Deina,Blackney,1931-11-14
998,Johnette,Cheasman,1978-10-10
999,Leola,Dericut,1910-07-23
1000,Brena,Setterthwait,1951-01-23